t,a0,a1,a2,a3,a4,a5,a6,q0,q1,q2,q3,q4,q5,q6,q7,q8,q9,qd0,qd1,qd2,qd3,qd4,qd5,qd6,qd7,qd8,qd9,tau0,tau1,tau2,tau3,tau4,tau5,tau6,tau7,tau8,tau9
0.0,-62.21277618408203,-24.22516441345215,-150.8363800048828,-11.298879623413086,80.67133331298828,5.284759521484375,-4.185790061950684,0.010947774164378643,-0.049354150891304016,1.5613946914672852,-0.04626673087477684,1.536529541015625,-0.002388201653957367,0.021000195294618607,-0.0005730189150199294,3.08080760902385e-09,-3.642190051778016e-07,-0.02860359661281109,-0.02971087209880352,0.06300655007362366,-0.02041798084974289,-0.010197331197559834,-0.051511552184820175,0.6587356328964233,0.35466259717941284,0.6692477464675903,0.35466277599334717,-1.1876561641693115,-22.230369567871094,-21.881948471069336,2.891674518585205,-0.016673952341079712,-0.0018994215643033385,0.0,0.0,0.0,0.0
0.16666666666666666,-11.168060302734375,4.9090728759765625,-128.40402221679688,5.315584659576416,34.319190979003906,-0.47684192657470703,-9.967570304870605,0.004160008858889341,-0.07835213094949722,1.635164737701416,-0.07666441798210144,1.5350950956344604,-0.05846376717090607,0.07155174016952515,0.0001421420311089605,-3.68458430433094e-10,-3.219156781142374e-07,0.18391574919223785,-0.227535218000412,0.6420646905899048,-0.14496132731437683,0.06412091106176376,-0.33702000975608826,-0.5075017213821411,-0.31085482239723206,-1.7196367707583704e-06,-0.3128780722618103,3.2295894622802734,-21.13736343383789,-23.278289794921875,3.9176015853881836,-0.033037424087524414,-0.0011765225790441036,0.0,0.0,0.0,0.0
0.3333333333333333,2.070815086364746,0.7042808532714844,-129.6920166015625,-2.847910165786743,13.737921714782715,-8.474977493286133,-7.353997230529785,0.013473708182573318,-0.04304088279604912,1.6836230754852295,-0.05715785548090935,1.5610504150390625,-0.08160854876041412,0.0718977078795433,0.0003925123601220548,7.136775979216248e-12,-3.135632482553774e-07,-0.11659486591815948,0.6290752291679382,-0.06122739985585213,0.08227548003196716,0.22428938746452332,0.07956177741289139,-0.5452592372894287,-0.3050631284713745,-0.5525602102279663,-0.30506306886672974,0.8531710505485535,-15.17645263671875,-23.359830856323242,3.4125475883483887,-0.2145715057849884,0.0058956025168299675,0.0,0.0,0.0,0.0
0.5,-1.0829864740371704,-0.5423579216003418,-110.34341430664062,5.428291320800781,-20.774372100830078,4.744369983673096,-8.180983543395996,-0.0032994276843965054,0.07735169678926468,1.655844807624817,-0.02773766778409481,1.5920220613479614,-0.02491188421845436,0.07458118349313736,-2.632941323099658e-05,-2.5751154542064114e-09,-3.1656202281737933e-07,-0.31044477224349976,0.5334991812705994,-0.003651345381513238,0.38993242383003235,-0.12807205319404602,0.10648798197507858,-0.5876609086990356,-0.3239205479621887,-0.5957488417625427,-0.32392048835754395,-0.996884822845459,-34.34490966796875,-22.135778427124023,3.192913770675659,0.99079829454422,-0.00499343778938055,0.0,0.0,0.0,0.0
0.6666666666666666,3.284580707550049,0.3812689483165741,-99.06844329833984,-8.496578216552734,-28.870399475097656,11.498719215393066,-10.486824989318848,-0.05142407491803169,0.12165343761444092,1.69795560836792,0.04034634307026863,1.4966719150543213,-0.08754527568817139,0.07559603452682495,-7.662316784262657e-05,8.821225694344292e-11,-3.0451275279119727e-07,-0.0898725613951683,0.06476295739412308,0.4560723900794983,0.19649437069892883,-0.9103159308433533,-0.5619262456893921,-0.6172994375228882,-0.3390733301639557,-0.6257658004760742,-0.3390730619430542,4.416907787322998,-30.013051986694336,-21.99933433532715,3.645744800567627,0.5217419862747192,-0.004084642045199871,0.0,0.0,0.0,0.0
0.8333333333333334,2.8224782943725586,0.8006396293640137,-98.73384094238281,-6.014992713928223,-9.692207336425781,-3.648691415786743,-5.5343828201293945,-0.010034894570708275,0.10813003033399582,1.7999242544174194,0.008148429915308952,1.3053793907165527,-0.14557905495166779,0.07573171705007553,5.804124884889461e-05,-5.807360814458207e-09,-3.1455445537176274e-07,0.4835112988948822,-0.139517679810524,0.6902943849563599,-0.5021078586578369,-1.3176589012145996,-0.010454605333507061,-0.6268246173858643,-0.34507492184638977,-0.6353774666786194,-0.34507501125335693,1.821722149848938,-26.588817596435547,-21.93436050415039,3.404331684112549,0.13676704466342926,0.004297962877899408,0.0,0.0,0.0,0.0
1.0,-2.6909217834472656,-0.1484833061695099,-89.40901947021484,5.683016777038574,10.007566452026367,-7.207221508026123,-3.4363861083984375,0.06529822200536728,0.1018688976764679,1.9029827117919922,-0.07237734645605087,1.1192771196365356,-0.06303093582391739,0.07710982859134674,3.8528192817466334e-05,3.029165585033411e-09,-3.953595637540275e-07,0.2030165046453476,0.14900675415992737,0.43715596199035645,-0.15321262180805206,-0.705285906791687,0.5575671195983887,-0.603272557258606,-0.33211320638656616,-0.6117594838142395,-0.3321131765842438,-4.6093573570251465,-24.239044189453125,-22.47199821472168,3.1494503021240234,0.10618112236261368,0.005233295727521181,0.0,0.0,0.0,0.0
1.1666666666666667,2.459707260131836,-0.1739964783191681,-81.56182098388672,-2.750061273574829,-4.311307907104492,9.181571960449219,-6.347644805908203,0.053494296967983246,0.17446103692054749,1.9196008443832397,-0.04043656215071678,1.0756359100341797,-0.026220889762043953,0.07382664829492569,0.00024727039271965623,8.664012562942247e-11,-3.843159390726214e-07,-0.11699027568101883,0.623979389667511,-0.12328323721885681,0.1471012383699417,-0.039468396455049515,-0.02318541705608368,-0.6393138766288757,-0.35409343242645264,-0.6483006477355957,-0.3540934920310974,0.7945842146873474,-26.44483184814453,-20.785022735595703,2.878911018371582,-0.18468859791755676,-0.0057047405280172825,0.0,0.0,0.0,0.0
1.3333333333333333,1.3550585508346558,0.0764140784740448,-66.36465454101562,7.130143642425537,-16.32377052307129,4.138139724731445,-4.294801712036133,0.05750802531838417,0.25362497568130493,1.9268747568130493,-0.04804373160004616,1.0011026859283447,-0.05255230516195297,0.07214776426553726,0.000295801495667547,-1.2169546481644034e-09,-4.100387798189331e-07,0.015526754781603813,0.33773958683013916,0.20467343926429749,0.09562069922685623,-0.8833571076393127,-0.5204163789749146,-0.5937176942825317,-0.3299260139465332,-0.6021332144737244,-0.3299262523651123,-1.4371898174285889,-31.906017303466797,-19.940921783447266,2.935115098953247,0.00933171808719635,-0.0035796151496469975,0.0,0.0,0.0,0.0
1.5,59.97601318359375,24.968385696411133,49.23112106323242,58.036895751953125,-72.42855834960938,-47.345359802246094,-3.2217297554016113,0.07060892879962921,0.2791336476802826,1.9240751266479492,-0.029058627784252167,0.9144778251647949,-0.07619617134332657,-0.007466927636414766,0.2920971214771271,1.3241402996300167e-07,0.00019834807608276606,0.20169155299663544,0.06975846737623215,-0.26497259736061096,0.4481826424598694,-0.33690130710601807,-0.7736746072769165,1.6989009380340576,0.6761316657066345,1.8652373552322388,0.676133394241333,1.1168519258499146,-38.09938430786133,-22.425582885742188,3.7969329357147217,-0.5124479532241821,0.015506211668252945,0.0,0.0,0.0,0.0
1.6666666666666667,135.4136962890625,-24.536334991455078,70.77825927734375,8.264748573303223,-106.21053314208984,-64.78285217285156,-36.46393966674805,0.07894206792116165,0.2597840428352356,1.8945451974868774,0.14027494192123413,0.7946021556854248,-0.16242150962352753,-0.00736166350543499,0.2917839288711548,1.5415078280511807e-07,0.00021462612494360656,-0.25575441122055054,-0.20138435065746307,-0.1182670071721077,1.3047415018081665,-0.7906032800674438,-1.0125908851623535,1.7349143028259277,0.2609890103340149,1.9384151697158813,0.26098334789276123,-7.903645992279053,-33.144466400146484,-21.468223571777344,2.928032875061035,-0.6563488245010376,0.01444721594452858,0.0,0.0,0.0,0.0
1.8333333333333333,156.66038513183594,-0.25297120213508606,-8.719892501831055,-53.17061996459961,-80.19986724853516,-11.604402542114258,-74.99665069580078,0.0208315197378397,0.23127944767475128,1.8774118423461914,0.2683453857898712,0.6539088487625122,-0.1935640424489975,-0.007407046854496002,0.29223403334617615,1.4679714865906135e-07,0.00023192347725853324,-0.25880467891693115,-0.01681561954319477,-0.03054874576628208,0.07580247521400452,-1.0981590747833252,-0.1770814061164856,1.5895850658416748,0.4216170907020569,1.784743309020996,0.4216209650039673,2.6291215419769287,-23.521343231201172,-16.30722427368164,2.247166872024536,-0.8249043822288513,0.008076898753643036,0.0,0.0,0.0,0.0
2.0,155.09576416015625,-1.6859102249145508,-25.37516212463379,-43.11858367919922,-11.347107887268066,30.7707576751709,-94.81098937988281,0.051258936524391174,0.2794704735279083,1.890459656715393,0.16652154922485352,0.3980993628501892,-0.07162785530090332,-0.007622437085956335,0.2927355468273163,1.6709749672827456e-07,0.00024339475203305483,0.33892229199409485,0.5132423639297485,0.07278677076101303,-1.0160131454467773,-1.5966970920562744,0.38000479340553284,1.6698564291000366,0.6294822692871094,1.85813307762146,0.6294867396354675,-3.361694574356079,-30.88123321533203,-21.051525115966797,2.980441093444824,-1.727656602859497,0.0044896891340613365,0.0,0.0,0.0,0.0
2.1666666666666665,143.5065155029297,3.6734323501586914,-18.666555404663086,-7.391218662261963,48.53924560546875,23.7189884185791,-98.5791244506836,0.0901842936873436,0.39331912994384766,1.8598592281341553,-0.04689241200685501,0.22277109324932098,0.011229355819523335,-0.00756789231672883,0.2926500141620636,1.4258763769703364e-07,0.00023381620121654123,0.12719736993312836,0.7916206121444702,-0.4963659346103668,-1.4425612688064575,-0.25725963711738586,0.049066513776779175,1.6536998748779297,0.6238246560096741,1.8444888591766357,0.6238269805908203,-0.13218790292739868,-38.651275634765625,-21.92327880859375,2.9555699825286865,-2.1552586555480957,0.007636344060301781,0.0,0.0,0.0,0.0
2.3333333333333335,97.88438415527344,-2.422471046447754,6.630833625793457,16.291507720947266,68.89688873291016,-5.877678394317627,-86.1365966796875,0.0810336247086525,0.511418879032135,1.7369459867477417,0.028573771938681602,0.2792377769947052,-0.08365502208471298,-0.007324701640754938,0.33877044916152954,1.7345696790016518e-07,0.00028571943403221667,-0.22679759562015533,0.46998512744903564,-1.1259700059890747,1.406150221824646,1.64931058883667,-1.4304168224334717,1.2052733898162842,0.6676813960075378,1.333160161972046,0.6676811575889587,-1.969282865524292,-48.51483917236328,-24.840656280517578,3.6727776527404785,-2.436338424682617,-0.03822619467973709,0.0,0.0,0.0,0.0
2.5,-1.9805771112442017,2.5043301582336426,-4.892459392547607,42.526981353759766,92.251953125,-16.62496566772461,-52.38938903808594,0.04972022771835327,0.5940512418746948,1.5320005416870117,0.19750642776489258,0.5725511312484741,-0.2742244303226471,0.005399777553975582,0.01753087528049946,-1.1585153281146177e-08,-1.3650827895617113e-05,-0.21511751413345337,0.37908172607421875,-0.9296627640724182,0.8320274353027344,1.2199149131774902,-0.6810160875320435,0.3273678123950958,-0.03764137625694275,0.3421933054924011,-0.037641748785972595,2.6099817752838135,-47.9239501953125,-16.983579635620117,2.502267360687256,-0.86353600025177,0.00898418016731739,0.0,0.0,0.0,0.0
2.6666666666666665,4.429166316986084,1.9039475917816162,1.8241028785705566,35.659786224365234,80.30883026123047,1.5159932374954224,-57.65178298950195,0.007035861257463694,0.6789622902870178,1.3702253103256226,0.29563963413238525,0.7795063257217407,-0.29222044348716736,-0.0012949217343702912,0.0011055793147534132,6.974672839277218e-09,3.837127223960124e-05,-0.24235448241233826,0.6186072826385498,-1.0687931776046753,0.3568171560764313,1.4059727191925049,0.1718732863664627,-0.015357181429862976,-0.001656949520111084,-1.1353256013535429e-05,-0.0017247532960027456,4.2731170654296875,-53.60209655761719,-23.448486328125,3.9360463619232178,-1.1966692209243774,0.00958214607089758,0.0,0.0,0.0,0.0
2.8333333333333335,0.8134607076644897,-6.4009690284729,-4.188996315002441,25.265850067138672,55.44841766357422,7.993031978607178,-62.722225189208984,-0.039965398609638214,0.8134995698928833,1.1649497747421265,0.3786494731903076,1.0322597026824951,-0.2967589497566223,-0.0016210285248234868,0.00035765778739005327,1.817060102382584e-08,8.08712502475828e-05,-0.30434298515319824,1.0009995698928833,-1.4335330724716187,0.5864471793174744,1.6971389055252075,-0.19349463284015656,-0.008319083601236343,-0.009754408150911331,-3.0774997867411e-05,-0.009786886163055897,-2.2726962566375732,-52.11309051513672,-21.70524024963379,3.923658609390259,-0.6766965985298157,0.004651266615837812,0.0,0.0,0.0,0.0
3.0,16.33272361755371,-4.5552215576171875,-11.941091537475586,4.092368125915527,1.2484323978424072,11.192303657531738,-72.96878814697266,-0.08168559521436691,0.9839531779289246,0.9317685961723328,0.46859967708587646,1.3141000270843506,-0.2922026813030243,-0.0011129684280604124,-0.030104516074061394,7.145405156450124e-09,-0.03735737130045891,-0.13368919491767883,1.181095004081726,-1.8834023475646973,0.23047831654548645,1.985365390777588,0.7806822061538696,-1.228939414024353,-2.5666801929473877,-1.2710379451164044e-05,-0.18317437171936035,2.9449996948242188,-46.22502136230469,-18.347675323486328,4.136308670043945,-0.46114134788513184,-0.0159201268106699,0.0,0.0,0.0,0.0
3.1666666666666665,1.4176567792892456,-0.6914138793945312,-8.070574760437012,-10.264738082885742,8.085165023803711,10.8213529586792,-57.03636169433594,-0.07121797651052475,1.1156455278396606,0.7069047689437866,0.41452473402023315,1.5611417293548584,-0.36123326420783997,-0.0010307658230885863,-0.3091585338115692,1.3087668726541324e-09,-0.10022526979446411,0.25098559260368347,0.652334988117218,-1.4142333269119263,-0.6845296621322632,1.2367794513702393,0.4651387333869934,1.120053768157959,3.6972758769989014,1.205267071723938,1.0214104652404785,12.32117748260498,-7.640037536621094,4.470006942749023,0.9218823909759521,0.43350791931152344,-0.009634596295654774,0.0,0.0,0.0,0.0
3.3333333333333335,-4.524974346160889,-5.434779644012451,-3.5009043216705322,10.730585098266602,10.004340171813965,-1.425511360168457,-45.432979583740234,-0.03470151871442795,1.2511340379714966,0.4372764229774475,0.28897014260292053,1.802751064300537,-0.49222004413604736,-0.0010114613687619567,-0.40253496170043945,5.133200531304283e-10,0.05856770649552345,-0.00035790345282293856,1.0341719388961792,-2.1038661003112793,-0.125892773270607,1.8931227922439575,1.5606138706207275,0.4880593717098236,3.0108237266540527,0.739109218120575,13.892959594726562,-9.18924331665039,-1.1958236694335938,11.238874435424805,-0.6859936714172363,0.022573232650756836,-0.014898189343512058,0.0,0.0,0.0,0.0
3.5,2.19344425201416,-3.1233878135681152,-3.3780672550201416,1.0674313306808472,-2.008836507797241,-3.4344115257263184,-46.100643157958984,-0.05247138813138008,1.3328720331192017,0.29296842217445374,0.3429921865463257,1.9132421016693115,-0.5060951113700867,-0.000995368929579854,-0.37548160552978516,-2.2273458633037535e-09,0.009021162986755371,-0.126238152384758,0.06228698045015335,-0.32497701048851013,0.020691361278295517,0.33288735151290894,0.2616906464099884,2.368539571762085e-05,1.8135137557983398,-2.7485499382019043,2.538440227508545,1.3853775262832642,2.6669235229492188,14.485809326171875,-1.2937955856323242,0.03308546543121338,0.022097043693065643,0.0,0.0,0.0,0.0
3.6666666666666665,-0.9333969354629517,3.312922477722168,2.699971914291382,0.1475609391927719,5.0631256103515625,-1.0624295473098755,-47.88869857788086,-0.06154455989599228,1.2768540382385254,0.40400469303131104,0.3632912337779999,1.8331272602081299,-0.5253497958183289,-0.000972762587480247,-0.33860793709754944,1.2009389038780682e-09,0.012811589054763317,-0.02237008325755596,-0.027158726006746292,-0.1456579864025116,-0.055365677922964096,0.04593701288104057,0.022788533940911293,3.581342753022909e-06,1.4488214254379272,-0.3718419671058655,2.000199556350708,11.231864929199219,-1.1516799926757812,12.726083755493164,-0.27423715591430664,0.47673773765563965,0.0335867702960968,0.0,0.0,0.0,0.0
3.8333333333333335,-3.5345587730407715,2.3432703018188477,2.5827414989471436,-0.2935453951358795,3.6095187664031982,-1.5394654273986816,-48.021331787109375,-0.06063920632004738,1.2920609712600708,0.37507906556129456,0.36271822452545166,1.8550115823745728,-0.5186768174171448,-0.0009832631330937147,-0.34409093856811523,1.2792188419652462e-09,0.004570004530251026,0.04001026228070259,0.06987917423248291,-0.3406001925468445,-0.23637962341308594,0.14274252951145172,0.28686875104904175,1.4102435670793056e-05,0.8725398182868958,-1.5167242288589478,1.22586989402771,12.416390419006348,-4.929878234863281,12.712661743164062,-0.22209692001342773,0.515318751335144,0.05404259264469147,0.0,0.0,0.0,0.0
4.0,-2.4625887870788574,3.6904449462890625,3.2588982582092285,0.35804781317710876,0.9618704319000244,-1.0174305438995361,-47.36191177368164,-0.05765217915177345,1.3098188638687134,0.3395058512687683,0.35585319995880127,1.8809106349945068,-0.512815535068512,-0.000997875235043466,-0.3551807403564453,5.143538928109592e-10,0.003000593977048993,-0.008292888291180134,-0.01582944579422474,-0.18371473252773285,-0.0802246630191803,0.05763665959239006,0.12553809583187103,5.383044481277466e-06,1.3530482053756714,-0.6369356513023376,2.1371304988861084,11.30975341796875,-7.154029846191406,13.05357551574707,-0.2486109733581543,0.7043362855911255,0.07734988629817963,0.0,0.0,0.0,0.0
4.166666666666667,-1.9176489114761353,4.1651692390441895,2.835881233215332,-0.2183147817850113,3.221327066421509,-0.8909645080566406,-47.99306869506836,-0.06125762313604355,1.287895679473877,0.38302895426750183,0.36375692486763,1.8493818044662476,-0.5211503505706787,-0.0009905666811391711,-0.3414616584777832,2.410990296297655e-09,0.0025268392637372017,-0.0067132869735360146,-0.02765139751136303,-0.15941263735294342,-0.16988793015480042,0.03823265805840492,-0.28439390659332275,7.91763886809349e-06,1.2615768909454346,-0.8683307766914368,1.723726749420166,11.43220043182373,-1.42388916015625,13.161157608032227,-0.4808993339538574,0.5985996723175049,0.09700173884630203,0.0,0.0,0.0,0.0
4.333333333333333,-3.502495288848877,3.4380483627319336,3.1226577758789062,0.4570406377315521,2.369384527206421,-1.1628363132476807,-47.574825286865234,-0.05787504091858864,1.3027061223983765,0.35288429260253906,0.3551338016986847,1.8709726333618164,-0.5171797871589661,-0.0009891325607895851,-0.3521045446395874,-8.953362495844885e-10,0.0033441807609051466,0.028874889016151428,0.10454776138067245,-0.41948509216308594,-0.19038741290569305,0.2108210176229477,0.2172006070613861,8.377246558666229e-07,1.0711917877197266,-0.028039634227752686,2.062018394470215,9.310823440551758,-2.7921981811523438,13.290063858032227,-0.5564818382263184,0.5861319899559021,0.11681698262691498,0.0,0.0,0.0,0.0
4.5,-2.953294277191162,3.8225059509277344,3.1589155197143555,0.16235290467739105,-0.1636197715997696,-0.9958094358444214,-47.364540100097656,-0.057555533945560455,1.316705584526062,0.3266226351261139,0.3564368188381195,1.8913640975952148,-0.5112413763999939,-0.0010615140199661255,-0.3564751446247101,-1.8080595909353292e-09,0.008721772581338882,-0.03397217020392418,-0.09231771528720856,-0.034101665019989014,0.034918010234832764,0.14258986711502075,-0.02269599586725235,-0.18089130520820618,1.6835585832595825,-3.1905824471323285e-06,2.735614061355591,7.411656379699707,-3.5081329345703125,13.819944381713867,-0.5634021759033203,0.4425539970397949,0.13899773359298706,0.0,0.0,0.0,0.0
4.666666666666667,1.062883734703064,-0.2399316132068634,3.048243761062622,-1.2738062143325806,4.335026741027832,-1.4112663269042969,-47.90205764770508,-0.06326403468847275,1.2762142419815063,0.40596941113471985,0.36866968870162964,1.8322877883911133,-0.5233434438705444,-0.0010096341138705611,-0.33202064037323,2.3099102491874746e-11,0.009631005115807056,-0.0144345136359334,-0.06276654452085495,-0.0828476995229721,-0.024913500994443893,0.1010073721408844,0.5457313656806946,-0.0638866052031517,1.1866322755813599,0.04378113895654678,1.8217618465423584,8.05610179901123,9.6800537109375,13.898561477661133,-0.685575008392334,-0.20716333389282227,0.16327893733978271,0.0,0.0,0.0,0.0
4.833333333333333,-1.0760904550552368,1.66241455078125,2.841756582260132,0.1719745248556137,5.995349884033203,-1.36617112159729,-47.90898513793945,-0.061046868562698364,1.2724858522415161,0.411569744348526,0.36105746030807495,1.8277156352996826,-0.5280671715736389,-0.0010164830600842834,-0.3366391360759735,-1.8414395563937092e-09,0.006338885053992271,0.04210001602768898,0.008048861287534237,-0.24263249337673187,-0.12388049811124802,0.3179224729537964,-0.02782481163740158,-0.26330387592315674,1.3928719758987427,-0.06962143629789352,1.188604712486267,12.38875961303711,-2.7201690673828125,12.895866394042969,-0.6804080009460449,0.09266328811645508,0.18485206365585327,0.0,0.0,0.0,0.0
5.0,0.004336737096309662,-3.393993854522705,3.353933811187744,0.07849965989589691,2.862776041030884,-2.5189456939697266,-46.95868682861328,-0.05788370594382286,1.3025301694869995,0.35338619351387024,0.3551049828529358,1.87118399143219,-0.517305850982666,-0.0010172758484259248,-0.3530431091785431,-1.739719146520713e-09,0.002782262861728668,0.019442768767476082,0.2214794009923935,-0.6570404171943665,-0.02232087031006813,0.5634438991546631,0.4204798936843872,0.10824638605117798,1.7724545001983643,0.20657791197299957,5.967031002044678,8.715282440185547,-0.04972076416015625,13.100872039794922,-0.6843986511230469,0.2795712947845459,0.20560842752456665,0.0,0.0,0.0,0.0
5.166666666666667,0.7641795873641968,-0.6073851585388184,4.183216094970703,-0.23121513426303864,-1.7329070568084717,-1.6321945190429688,-46.75214767456055,-0.05703849345445633,1.3270854949951172,0.30633068084716797,0.3560878336429596,1.9043506383895874,-0.5065101981163025,-0.0010042483918368816,-0.3596333861351013,-4.238738249284779e-09,0.005406318232417107,-0.046173807233572006,0.09087460488080978,-0.36825844645500183,0.14932703971862793,0.3276514410972595,0.4647817313671112,0.11348361521959305,1.8064725399017334,0.1711074858903885,5.085557460784912,5.591933250427246,-1.1343765258789062,13.551687240600586,-0.5248990058898926,0.30653250217437744,0.2184513807296753,0.0,0.0,0.0,0.0
5.333333333333333,1.1919268369674683,0.5792536735534668,2.196376085281372,-3.058959722518921,5.221310615539551,-1.3683764934539795,-48.977970123291016,-0.06950095295906067,1.262182354927063,0.43631336092948914,0.3864067494869232,1.8091152906417847,-0.5253912806510925,-0.000954519840888679,-0.31257086992263794,-7.046790928555424e-10,0.0012313408078625798,-0.04032954201102257,-0.19695141911506653,0.14393480122089386,-0.15390533208847046,-0.06421054154634476,0.21832235157489777,1.3741664588451385e-05,1.6846338510513306,-1.644351601600647,2.871267318725586,15.608003616333008,4.793914794921875,11.366048812866211,0.11783361434936523,-0.2684042453765869,0.23550774157047272,0.0,0.0,0.0,0.0
5.5,-1.4407278299331665,3.7487945556640625,2.4122812747955322,-0.5457922220230103,9.87591552734375,-1.2268948554992676,-49.347774505615234,-0.06915044784545898,1.2378429174423218,0.4805528521537781,0.3819010257720947,1.773214340209961,-0.5392770767211914,-0.0010290757054463029,-0.30172696709632874,1.2203803523291867e-09,0.0012777721276506782,0.02132653258740902,-0.18473447859287262,0.11992407590150833,-0.2270830124616623,-0.04199738800525665,-0.22639882564544678,-0.26352742314338684,1.630685567855835,-0.1824161857366562,3.7531332969665527,15.12019157409668,-7.174831390380859,11.368453979492188,-0.25102806091308594,-0.023383140563964844,0.26027244329452515,0.0,0.0,0.0,0.0
5.666666666666667,-4.0800461769104,3.3701887130737305,2.060218572616577,1.6569613218307495,11.790118217468262,-1.5671495199203491,-48.463375091552734,-0.06273151189088821,1.253170132637024,0.44852176308631897,0.36318743228912354,1.7980767488479614,-0.5373367071151733,-0.0009886780753731728,-0.3281131088733673,5.644930745063448e-09,-0.004053692799061537,0.051088735461235046,0.36320021748542786,-0.908408522605896,-0.19067274034023285,0.8156254887580872,-0.26671504974365234,1.6400590538978577e-05,1.6152474880218506,-1.8857537508010864,1.966599702835083,11.471602439880371,-1.8822250366210938,12.117931365966797,-0.8239855766296387,0.03312063217163086,0.2756953537464142,0.0,0.0,0.0,0.0
5.833333333333333,-1.5386139154434204,3.426510810852051,3.479706048965454,2.6764237880706787,1.9997680187225342,-1.4592030048370361,-46.55150604248047,-0.05192096158862114,1.3240382671356201,0.3086358904838562,0.3382914662361145,1.9003260135650635,-0.5194487571716309,-0.0009482908644713461,-0.36898916959762573,-5.157310134507043e-09,0.0009042327292263508,0.08632504194974899,0.5094407200813293,-1.2526861429214478,-0.2742425799369812,0.8063855171203613,0.5710615515708923,1.651141792535782e-05,1.3429306745529175,-1.9513514041900635,1.1987192630767822,10.932755470275879,-0.39144134521484375,13.915157318115234,-1.1534423828125,0.6516836285591125,0.2955671548843384,0.0,0.0,0.0,0.0
6.0,-1.2487694025039673,7.245665073394775,2.771121025085449,1.2245911359786987,-7.902034759521484,-0.7296155095100403,-46.017364501953125,-0.05041618272662163,1.4499964714050293,0.06493685394525528,0.3527204096317291,2.0491061210632324,-0.48055577278137207,-0.000993565539829433,-0.3892008066177368,-4.595793967610007e-09,-0.00015660615463275462,-0.10455845296382904,-0.3137763440608978,0.41884705424308777,0.1087258905172348,-0.4041283428668976,0.2010357528924942,2.161506563425064e-05,2.0016794204711914,-2.621037244796753,1.1061984300613403,7.603072643280029,-54.974205017089844,11.902393341064453,-0.20801925659179688,1.0739314556121826,0.28875160217285156,0.0,0.0,0.0,0.0
6.166666666666667,4.945754528045654,-0.2215137779712677,3.17704176902771,-9.569355010986328,-9.346691131591797,-1.1168259382247925,-49.710506439208984,-0.07719668745994568,1.3488575220108032,0.27820250391960144,0.4195350110530853,1.9213861227035522,-0.49336954951286316,-0.0010024849325418472,-0.3077506124973297,-3.8282008674173085e-09,0.002337561920285225,-0.22201253473758698,-0.7798792123794556,1.4055346250534058,0.37257954478263855,-0.9528816342353821,-0.015634864568710327,0.6810634136199951,1.9217510223388672,0.7087819576263428,1.590003490447998,11.644855499267578,2.5514907836914062,15.23057746887207,0.30045175552368164,0.46014177799224854,0.3013993501663208,0.0,0.0,0.0,0.0
6.333333333333333,-0.7276145219802856,0.7730200290679932,-1.818274974822998,-19.070032119750977,-4.141661167144775,-0.8924694061279297,-57.30195999145508,-0.1099938228726387,1.2195062637329102,0.5449215173721313,0.5081071853637695,1.7261745929718018,-0.5136882662773132,-0.0011566532775759697,-0.17218822240829468,5.195126107082615e-09,0.008287733420729637,-0.16888608038425446,-0.5673782229423523,0.8841893672943115,0.08230572193861008,-0.6709194779396057,-0.6804636120796204,-0.642593502998352,2.080655574798584,-1.2194292139611207e-05,3.631136178970337,24.954635620117188,1.5259780883789062,14.955009460449219,1.4613072872161865,0.4068361520767212,0.3032117486000061,0.0,0.0,0.0,0.0
6.5,-2.773707389831543,6.8785295486450195,2.404263734817505,-25.38079261779785,-7.526083946228027,2.4683265686035156,-62.97195053100586,-0.13430200517177582,1.1401773691177368,0.7101395726203918,0.5844075083732605,1.593368411064148,-0.5021868348121643,-0.0013612130424007773,-0.06605864316225052,9.124298649965112e-09,0.001417085761204362,-0.17987239360809326,-0.6987395286560059,1.2033305168151855,0.28555193543434143,-1.0389574766159058,-1.5045685768127441,-0.9850150346755981,-1.2518627643585205,-2.046401277766563e-05,-1.2564728260040283,29.40232276916504,-19.54052734375,9.579578399658203,2.603078603744507,0.9185034036636353,0.279316782951355,0.0,0.0,0.0,0.0
6.666666666666667,2.3287293910980225,1.2516765594482422,6.062572956085205,-37.8292121887207,-5.878541946411133,10.222071647644043,-68.28274536132812,-0.14320458471775055,1.033278226852417,0.9209929704666138,0.6580482721328735,1.406024694442749,-0.47581642866134644,-0.0012279982911422849,-0.0010799774900078773,7.51188372305478e-06,0.0010355528211221099,0.03968149796128273,-0.5270938873291016,0.6986798644065857,-0.4801763594150543,-0.7275858521461487,0.17062243819236755,-0.905125081539154,-0.8998857736587524,-0.014420704916119576,-0.9037404656410217,39.62855911254883,-17.35080337524414,3.359346389770508,3.7904462814331055,0.36126795411109924,0.2066430151462555,0.0,0.0,0.0,0.0
6.833333333333333,1.9126956462860107,-2.5241482257843018,-0.9334602952003479,-36.242557525634766,2.256239652633667,14.738035202026367,-69.50535583496094,-0.12043727189302444,0.970770537853241,1.0185258388519287,0.63438880443573,1.2916027307510376,-0.42570334672927856,-0.0011587546905502677,-0.0010695001110434532,9.390042578161228e-06,0.0008584522292949259,0.11625304818153381,-0.19499032199382782,-0.01905527338385582,-0.8309246301651001,-0.22920936346054077,-0.29847481846809387,-0.3052174746990204,-0.3261010944843292,-0.018026383593678474,-0.3273983299732208,21.90886878967285,-9.362247467041016,4.252948760986328,2.841794013977051,-0.1344701647758484,0.22128309309482574,0.0,0.0,0.0,0.0
7.0,0.14200153946876526,0.40811750292778015,3.9737744331359863,-19.111604690551758,11.036640167236328,13.211777687072754,-65.54500579833984,-0.08852545917034149,0.9486551284790039,1.030413031578064,0.5558092594146729,1.2593836784362793,-0.39229926466941833,-0.0011061746627092361,-0.024584395810961723,3.958756877864289e-09,-0.033018067479133606,0.17428144812583923,-0.06163261830806732,-0.24565757811069489,-0.886095404624939,0.21843086183071136,-0.3234800100326538,-0.0026046885177493095,0.16434788703918457,0.09952311217784882,0.6081249713897705,21.047895431518555,-21.770877838134766,-1.4808883666992188,2.9203596115112305,-0.5154450535774231,0.2128075510263443,0.0,0.0,0.0,0.0
7.166666666666667,-0.4686327874660492,0.2501043975353241,0.7396174669265747,-5.634235382080078,19.78485679626465,11.596142768859863,-61.60157012939453,-0.06022581085562706,0.9535584449768066,1.0009238719940186,0.4745714068412781,1.2785183191299438,-0.3688049912452698,-0.0010362513130530715,-0.08969203382730484,1.6995610394587857e-06,-0.07876771688461304,0.17354238033294678,0.03154744952917099,-0.3148912787437439,-0.7309308648109436,0.3077267110347748,0.31325188279151917,0.2505304217338562,2.4345970153808594,0.38506564497947693,2.1568076610565186,14.43466854095459,-19.89928436279297,-1.1249504089355469,1.518050193786621,-1.0124090909957886,0.1964111626148224,0.0,0.0,0.0,0.0
7.333333333333333,2.2402520179748535,-0.2524013817310333,-3.4836416244506836,2.180943250656128,26.12809944152832,14.475175857543945,-57.41680908203125,-0.030260397121310234,0.9937944412231445,0.915892481803894,0.38430923223495483,1.3621554374694824,-0.32640957832336426,-0.001004020101390779,-0.243052676320076,-2.499989104620681e-10,-0.16110001504421234,0.13366059958934784,0.4574569761753082,-0.9655565023422241,-0.5254841446876526,1.200539469718933,0.9826381802558899,0.4293157160282135,5.8896164894104,0.5596230030059814,7.9973602294921875,3.6889896392822266,-9.404682159423828,1.1547718048095703,0.29349613189697266,-1.2952946424484253,0.17268086969852448,0.0,0.0,0.0,0.0
7.5,1.1699203252792358,3.285005569458008,0.7027110457420349,4.449068069458008,21.910375595092773,12.117169380187988,-48.49864196777344,-0.01212280709296465,1.0902929306030273,0.7366630434989929,0.30063870549201965,1.5576019287109375,-0.3835448622703552,-0.001004104851745069,-0.39647454023361206,-1.4644511991956932e-10,-0.03940480574965477,0.09403235465288162,0.7065969109535217,-1.4448533058166504,-0.23082023859024048,1.5671603679656982,1.2423512935638428,-0.04293785244226456,-1.8470706939697266,0.22986465692520142,-12.866144180297852,7.497859954833984,-8.566669464111328,2.750133514404297,0.749323844909668,-0.8796103000640869,0.21045631170272827,0.0,0.0,0.0,0.0
7.666666666666667,-5.90098237991333,-0.0773191750049591,0.04352325201034546,5.809436798095703,3.3229081630706787,7.774040222167969,-46.33365249633789,-0.003415843704715371,1.1866798400878906,0.5542938113212585,0.2712042033672333,1.7307602167129517,-0.3734153211116791,-0.0010047204559668899,-0.45152467489242554,-4.884070370358984e-10,0.003978208638727665,0.04686955362558365,0.48160114884376526,-1.069718599319458,-0.1538158804178238,0.9501181244850159,1.1078217029571533,0.3827334940433502,0.3441680669784546,0.423000693321228,0.7746450901031494,0.39160600304603577,-8.093582153320312,9.016426086425781,-0.8936986923217773,0.5757940411567688,0.16778020560741425,0.0,0.0,0.0,0.0
7.833333333333333,3.35616397857666,-1.8886775970458984,-1.9157404899597168,2.7239272594451904,-6.730039119720459,7.300539493560791,-45.45036315917969,-0.004788105841726065,1.2073601484298706,0.5167734622955322,0.27566200494766235,1.7643077373504639,-0.3702828884124756,-0.0009994080755859613,-0.45833295583724976,-1.1000405031325045e-09,-0.0026222518645226955,-0.050645384937524796,-0.007708914112299681,-0.11399571597576141,0.019188184291124344,0.11260291934013367,0.31037697196006775,0.1198669821023941,0.6959689855575562,-2.2972917577135377e-06,1.536424994468689,-4.916785717010498,-1.6628646850585938,9.867780685424805,-0.9598827362060547,0.5080583095550537,0.13285201787948608,0.0,0.0,0.0,0.0
8.0,4.057506561279297,-0.733149528503418,-4.392775058746338,-1.5279189348220825,-6.757514476776123,7.195369720458984,-46.32388687133789,-0.01194219570606947,1.1976265907287598,0.5380036234855652,0.2964940667152405,1.7468788623809814,-0.37241360545158386,-0.001000445568934083,-0.4403453469276428,-9.520598753809395e-10,0.001265556551516056,-0.019790904596447945,-0.11303073167800903,0.04838471859693527,-0.09250514209270477,-0.05934429168701172,0.39548230171203613,0.3388058543205261,0.7669379711151123,0.34985676407814026,0.09817096590995789,2.4381933212280273,-7.294769287109375,8.563764572143555,-0.3572826385498047,0.47290313243865967,0.11756014823913574,0.0,0.0,0.0,0.0
8.166666666666666,3.461536407470703,-3.6495304107666016,-4.323896884918213,0.19354616105556488,0.06325410306453705,6.946299076080322,-46.15080642700195,-0.011325608938932419,1.1745463609695435,0.580259382724762,0.29373857378959656,1.7094415426254272,-0.38135069608688354,-0.0009992283303290606,-0.42948710918426514,-8.530300910081223e-10,-0.0016538052586838603,-0.008852497674524784,0.05104364454746246,-0.2574552595615387,-0.15606847405433655,0.2771410048007965,0.23276884853839874,-0.0016331428196281195,0.6287460327148438,1.2868021726608276,0.13778889179229736,0.6884188652038574,-0.5881118774414062,8.783329010009766,-0.57525634765625,0.05587053298950195,0.09698997437953949,0.0,0.0,0.0,0.0
8.333333333333334,0.17377987504005432,-3.025270462036133,-2.627584457397461,-0.02019895799458027,-4.456019401550293,6.599578380584717,-46.092159271240234,-0.01058822963386774,1.1999629735946655,0.5330470204353333,0.29223179817199707,1.7513598203659058,-0.37494778633117676,-0.0009955930290743709,-0.4425763487815857,-3.2578713060615883e-09,-0.00018339675443712622,-0.01563306339085102,0.032166481018066406,-0.20927734673023224,-0.09050633013248444,0.2462262213230133,0.34366944432258606,0.01406206376850605,0.7009882926940918,-9.322861842520069e-07,1.5011147260665894,1.2079747915267944,-8.740680694580078,9.560907363891602,-0.4931468963623047,0.41611260175704956,0.06967875361442566,0.0,0.0,0.0,0.0
8.5,2.8740200996398926,-2.2326765060424805,-3.615208387374878,-0.44542041420936584,-0.5473372936248779,7.331995487213135,-46.379051208496094,-0.012513536959886551,1.1762727499008179,0.5776582956314087,0.2970612049102783,1.7119297981262207,-0.3812342584133148,-0.000994357978925109,-0.42845746874809265,-3.1595444038856613e-09,-0.0005639148876070976,-0.013553587719798088,0.018217552453279495,-0.19424010813236237,-0.10022061318159103,0.2457682192325592,0.45489272475242615,-0.010979723185300827,0.5754528641700745,0.7134220600128174,0.19618624448776245,2.1831202507019043,-1.3733139038085938,8.886245727539062,-0.4843626022338867,-0.025023341178894043,0.052014950662851334,0.0,0.0,0.0,0.0
8.666666666666666,2.542884349822998,-2.71163272857666,-2.8193068504333496,-0.38363566994667053,-2.9534919261932373,7.117473125457764,-46.101810455322266,-0.011176812462508678,1.1888792514801025,0.5537704825401306,0.2935723066329956,1.7332088947296143,-0.3762061893939972,-0.0010091806761920452,-0.4374966621398926,-9.67806168539198e-10,0.0004599661915563047,0.005154161714017391,0.013989074155688286,-0.1762077361345291,-0.1133384183049202,0.21864497661590576,-0.03184334188699722,-0.0663464292883873,0.9111214876174927,-1.3841635109201889e-06,1.6019924879074097,1.4914201498031616,-5.824798583984375,9.506446838378906,-0.5732412338256836,0.26825499534606934,0.02536870911717415,0.0,0.0,0.0,0.0
8.833333333333334,5.24962854385376,-2.3655223846435547,-3.2327358722686768,-0.41748443245887756,-0.8654930591583252,7.6014275550842285,-46.152156829833984,-0.012490155175328255,1.173765778541565,0.5822782516479492,0.2968502342700958,1.707681655883789,-0.3822479248046875,-0.000992548419162631,-0.4275677502155304,-2.6057411783853013e-09,-0.0005675420397892594,-0.027752624824643135,-0.02286049723625183,-0.10423646122217178,-0.05352655053138733,0.13475032150745392,0.22731710970401764,-0.01445372961461544,0.7923840284347534,0.4963531792163849,1.2819886207580566,1.494083046913147,-2.6482772827148438,8.955318450927734,-0.5517010688781738,0.09506314992904663,0.024790924042463303,0.0,0.0,0.0,0.0
9.0,0.4327005445957184,-2.4502525329589844,-3.1805741786956787,-0.2568322718143463,-2.6412651538848877,6.8744120597839355,-46.34270095825195,-0.011168529279530048,1.1902096271514893,0.5512829422950745,0.29337576031684875,1.7353334426879883,-0.37777382135391235,-0.0010413907002657652,-0.437499463558197,-1.1941490019040657e-09,0.002312217839062214,0.018994947895407677,0.0783715769648552,-0.2945680022239685,-0.14031226933002472,0.25752246379852295,0.2117225080728531,-0.13830995559692383,0.6903173923492432,-2.60614638136758e-06,1.127471685409546,1.4864475727081299,-6.846580505371094,9.455678939819336,-0.6046633720397949,0.32720935344696045,-0.0033342749811708927,0.0,0.0,0.0,0.0
9.166666666666666,4.996488094329834,-3.3833236694335938,-3.2262215614318848,0.37432846426963806,-0.667827844619751,7.187789440155029,-45.874027252197266,-0.011336173862218857,1.1757687330245972,0.5780364871025085,0.29368749260902405,1.710919737815857,-0.38111793994903564,-0.0009912893874570727,-0.43102049827575684,-1.8942916124586873e-09,-0.0008103905129246414,-0.04152124375104904,-0.00012798572424799204,-0.11975542455911636,0.04215138033032417,0.163688525557518,0.3091816306114197,-0.016873612999916077,0.41193777322769165,1.4760096073150635,-1.3019514083862305,1.036275029182434,-1.8140869140625,9.087408065795898,-0.5014028549194336,0.09017693996429443,-0.030239952728152275,0.0,0.0,0.0,0.0
9.333333333333334,3.213728904724121,-2.7236328125,-3.139585494995117,-0.764175534248352,-2.231184244155884,7.251489162445068,-46.264915466308594,-0.011656973510980606,1.1834639310836792,0.5639650821685791,0.2946009933948517,1.7239547967910767,-0.3793638348579407,-0.0010091967415064573,-0.4335821866989136,-6.249603057284503e-10,0.0019205852877348661,0.03838597238063812,0.06813665479421616,-0.2751469612121582,-0.1635146141052246,0.3040604591369629,0.15163284540176392,-0.41534483432769775,0.5274893045425415,-0.41546013951301575,0.84810471534729,2.474825382232666,-2.5580291748046875,9.711929321289062,-0.711815357208252,0.17597687244415283,-0.03951367363333702,0.0,0.0,0.0,0.0
9.5,2.915104389190674,-1.5542755126953125,-2.9320147037506104,0.2375868409872055,-1.9593899250030518,7.325560569763184,-46.130374908447266,-0.011465417221188545,1.1835312843322754,0.563774585723877,0.2939700484275818,1.7239224910736084,-0.3802839517593384,-0.0009988616220653057,-0.4340439736843109,-4.022767396971716e-10,4.884140798822045e-05,-0.04481825232505798,0.003247405868023634,-0.1305060088634491,0.04205600172281265,0.15589670836925507,0.3337445855140686,-0.0023302873596549034,0.7096654772758484,0.3061550259590149,0.5794581770896912,0.7951509952545166,-3.563426971435547,9.049644470214844,-0.6077232360839844,0.1096876859664917,-0.0658671036362648,0.0,0.0,0.0,0.0
9.666666666666666,4.420510292053223,-3.886127471923828,-3.367309093475342,0.09041105210781097,-1.3127062320709229,6.943912506103516,-45.87899398803711,-0.010669069364666939,1.180044412612915,0.5698039531707764,0.29163119196891785,1.7187563180923462,-0.3808853030204773,-0.0010183191625401378,-0.4333434998989105,1.5682756204782322e-09,0.0006652778247371316,0.011560400016605854,0.03041798248887062,-0.20261314511299133,-0.0953550636768341,0.23800930380821228,0.3567485809326172,-0.5667160153388977,0.6742607951164246,-8.115908940453664e-07,1.2488559484481812,1.4055694341659546,-3.0015411376953125,9.273088455200195,-0.5541949272155762,0.13519132137298584,-0.07976783812046051,0.0,0.0,0.0,0.0
9.833333333333334,3.1434011459350586,-1.1799993515014648,-3.2856388092041016,-0.7701388597488403,-2.0647261142730713,7.510047912597656,-46.37883377075195,-0.012634928338229656,1.1825754642486572,0.5661110281944275,0.2972642481327057,1.722238540649414,-0.37976059317588806,-0.0010244926670566201,-0.43213391304016113,-1.3435480505918918e-09,0.0007411864353343844,-0.01517812255769968,0.04853665456175804,-0.22581467032432556,-0.017584994435310364,0.2301838994026184,0.4111059010028839,0.02844936214387417,0.7013002038002014,0.0027883430011570454,0.764087438583374,2.6464598178863525,-2.7780990600585938,9.28371810913086,-0.6027383804321289,0.13706493377685547,-0.09989166259765625,0.0,0.0,0.0,0.0
10.0,3.9035301208496094,-4.072782516479492,-3.1498165130615234,0.7075594663619995,-1.58278489112854,6.772680759429932,-45.71171951293945,-0.00958170648664236,1.183172345161438,0.5635331273078918,0.288445383310318,1.7241519689559937,-0.3805084526538849,-0.0010136972414329648,-0.43643537163734436,-2.128813347823666e-09,0.00102376623544842,0.0055634137243032455,0.0035582694690674543,-0.15346559882164001,-0.07864515483379364,0.17959047853946686,0.3370055556297302,-0.2586607038974762,0.7406197190284729,-1.3666540326084942e-06,0.9116616249084473,0.5400533676147461,-3.964019775390625,9.09174919128418,-0.6074409484863281,0.1090078353881836,-0.11880797892808914,0.0,0.0,0.0,0.0
10.166666666666666,4.081051349639893,-1.3985671997070312,-3.615046739578247,-1.221802830696106,-1.3129427433013916,7.59824275970459,-46.42719650268555,-0.013474923558533192,1.1779628992080688,0.5750627517700195,0.2995554506778717,1.7141045331954956,-0.381462424993515,-0.001000929158180952,-0.42876410484313965,1.3789077657477833e-09,0.000269013165961951,-0.005436775740236044,0.07668577879667282,-0.2788514494895935,-0.039023108780384064,0.3068917393684387,0.44247525930404663,0.1202627420425415,0.6479266881942749,0.10227334499359131,0.5321649312973022,3.107130765914917,-1.3976669311523438,9.19677734375,-0.5665411949157715,0.09125155210494995,-0.14093253016471863,0.0,0.0,0.0,0.0
10.333333333333334,1.6606477499008179,-1.0907516479492188,-2.4804062843322754,1.3223503828048706,-2.600576162338257,7.182570934295654,-45.92921829223633,-0.008501426316797733,1.1914831399917603,0.547768771648407,0.28539222478866577,1.7378329038619995,-0.37980732321739197,-0.001005958067253232,-0.44248640537261963,9.725091565382371e-11,0.0011730608530342579,-0.0015624365769326687,0.02673943154513836,-0.19032734632492065,-0.02727143093943596,0.24011442065238953,0.40220507979393005,-0.565958559513092,0.6964442729949951,-1.5878338217589771e-06,0.848137378692627,-2.9318907260894775,-5.649177551269531,8.979366302490234,-0.8292512893676758,0.16211843490600586,-0.15991951525211334,0.0,0.0,0.0,0.0
10.5,5.122273921966553,-0.8961801528930664,-3.47619366645813,-0.26975932717323303,-0.3437511920928955,7.758617877960205,-46.28042984008789,-0.012874695472419262,1.170224666595459,0.5889951586723328,0.2976464331150055,1.7016310691833496,-0.383863627910614,-0.0010239947587251663,-0.42565134167671204,1.837285878991679e-09,0.0002219011657871306,-0.04526039585471153,-0.0709412693977356,0.013223590329289436,0.07516249269247055,0.05208125710487366,0.41614627838134766,-0.23112580180168152,0.7060567736625671,-8.942150770963053e-07,0.5626071691513062,1.4924300909042358,-1.4714431762695312,8.802379608154297,-0.5520429611206055,-0.004394054412841797,-0.1799379587173462,0.0,0.0,0.0,0.0
10.666666666666666,2.4459805488586426,-1.3788375854492188,-3.615129232406616,-2.278604745864868,-4.873358726501465,6.943525314331055,-46.3695068359375,-0.013182557187974453,1.2006428241729736,0.5331207513809204,0.2988766133785248,1.751303791999817,-0.3796795606613159,-0.0010013111168518662,-0.4362254738807678,2.346019600807381e-09,0.02598263882100582,0.06249593198299408,0.2997515797615051,-0.7351252436637878,-0.20042449235916138,0.715317964553833,0.12161979079246521,-0.0739029049873352,1.8006126880645752,-0.0849934071302414,4.059967041015625,4.539563179016113,-1.9996337890625,10.332820892333984,-0.8532533645629883,0.32444727420806885,-0.18407182395458221,0.0,0.0,0.0,0.0
10.833333333333334,3.491637706756592,-4.097820281982422,-0.921608030796051,5.090697288513184,-4.733797073364258,6.320555686950684,-44.4353141784668,-0.0003378270484972745,1.2039520740509033,0.5214035511016846,0.26242661476135254,1.7594550848007202,-0.37645232677459717,-0.0009990372927859426,-0.46313247084617615,9.168343861887251e-11,0.008678637444972992,0.02615279331803322,-0.25265949964523315,0.3012070059776306,-0.12714387476444244,-0.16564078629016876,0.0728163868188858,-0.002000499051064253,1.6340036392211914,1.3061137199401855,3.9518628120422363,-8.204017639160156,-6.842250823974609,8.961074829101562,-1.4686250686645508,0.28022336959838867,-0.2101774513721466,0.0,0.0,0.0,0.0
11.0,-3.835484027862549,2.55526065826416,-4.7868194580078125,3.347646474838257,3.9147303104400635,7.364743232727051,-46.9660530090332,-0.010446915403008461,1.1682240962982178,0.5917004942893982,0.2907746434211731,1.6980477571487427,-0.38148242235183716,-0.0009943780023604631,-0.4308678209781647,3.801676681791655e-11,0.00778886629268527,-0.10396372526884079,0.05293215066194534,-0.1836767941713333,0.26620543003082275,0.2802808880805969,0.2691600024700165,1.6252510249614716e-05,1.3348422050476074,-1.8468506336212158,3.003767251968384,2.390212059020996,-6.224262237548828,7.856180191040039,-0.41718626022338867,0.09767818450927734,-0.23287107050418854,0.0,0.0,0.0,0.0
11.166666666666666,-3.09755277633667,2.7958412170410156,0.795963704586029,-3.380765676498413,-5.982434272766113,9.309870719909668,-47.786766052246094,-0.015491466969251633,1.2022403478622437,0.5300894975662231,0.30531546473503113,1.754005789756775,-0.3770964443683624,-0.001098979264497757,-0.4263956546783447,-7.537214741226705e-10,0.02381804771721363,0.06312237679958344,0.21546314656734467,-0.7068334817886353,-0.57457435131073,0.6028964519500732,-0.7812824249267578,0.32740774750709534,1.8404946327209473,0.47702181339263916,3.222280502319336,7.3377556800842285,-18.499786376953125,7.5337677001953125,-0.2505059242248535,1.260528326034546,-0.31526046991348267,0.0,0.0,0.0,0.0
11.333333333333334,-0.47701701521873474,-8.79230785369873,-6.065685272216797,5.209568977355957,-5.826884746551514,3.057950973510742,-44.129634857177734,0.0011335420422255993,1.2251012325286865,0.48224425315856934,0.2596009373664856,1.791185736656189,-0.36388131976127625,-0.0010200097458437085,-0.4825488328933716,4.1034291520247734e-09,0.0007590239983983338,0.10037960857152939,-0.11011941730976105,0.1405126452445984,0.050104618072509766,-0.20238998532295227,2.8658103942871094,6.231765270233154,0.25943422317504883,7.200334548950195,0.2521582841873169,5.055680751800537,-9.601631164550781,9.664735794067383,-0.7560324668884277,0.4932710528373718,-0.2434188574552536,0.0,0.0,0.0,0.0
11.5,5.340339183807373,-0.9704465866088867,-2.5869998931884766,6.694147109985352,0.9898350238800049,7.114104270935059,-44.674251556396484,-0.0010699776466935873,1.1794606447219849,0.566817581653595,0.26231664419174194,1.7182716131210327,-0.38840317726135254,-0.001031728577800095,-0.4508993327617645,-1.2904330382035312e-11,-0.0001840558834373951,-0.09145493805408478,-0.16884750127792358,0.22826331853866577,0.28257402777671814,-0.11448664963245392,0.5653676986694336,-0.18201836943626404,0.9013233780860901,-1.2571456409204984e-06,0.6019375920295715,-7.164240837097168,-3.1106033325195312,8.66572380065918,-1.4623370170593262,0.05138373374938965,-0.29425016045570374,0.0,0.0,0.0,0.0
11.666666666666666,0.8320335149765015,3.7783594131469727,3.9882054328918457,-1.2107316255569458,1.8804337978363037,9.10189151763916,-46.76527786254883,-0.02009667456150055,1.1757644414901733,0.5817483067512512,0.31601008772850037,1.7071826457977295,-0.38840723037719727,-0.0010013384744524956,-0.412212997674942,7.366380283535534e-10,0.011381695047020912,-0.10449258983135223,0.19977320730686188,-0.5007743239402771,0.23769468069076538,0.5302433371543884,0.24687957763671875,1.0131158828735352,1.8019602298736572,1.10071861743927,2.9886958599090576,6.930790901184082,-2.249664306640625,8.029035568237305,0.4562532901763916,0.03599733114242554,-0.2881189286708832,0.0,0.0,0.0,0.0
11.833333333333334,-3.55513334274292,2.624204635620117,3.7686290740966797,-5.285772323608398,-10.268479347229004,7.370950698852539,-46.710941314697266,-0.018212541937828064,1.2456039190292358,0.45186737179756165,0.3138332962989807,1.818662166595459,-0.37871021032333374,-0.0010045041562989354,-0.43934366106987,2.7990036954861353e-09,0.021495595574378967,0.13313870131969452,0.5387856960296631,-1.2510590553283691,-0.3428131341934204,1.0343164205551147,0.5775504112243652,0.274995893239975,1.5679161548614502,0.27356022596359253,4.313363552093506,15.042519569396973,-5.671367645263672,11.426311492919922,-0.19204330444335938,1.0486353635787964,-0.2982911765575409,0.0,0.0,0.0,0.0
12.0,-6.633341312408447,-25.982921600341797,-122.60631561279297,3.2575252056121826,23.61981773376465,5.976188659667969,-0.33390092849731445,-0.013915297575294971,0.027664469555020332,1.6034111976623535,0.03914974257349968,1.5629053115844727,0.0025161905214190483,0.04327201098203659,-0.00032617486431263387,3.4576286278564794e-09,-4.0072632145893294e-07,-0.10533685982227325,-0.054253991693258286,0.14859090745449066,0.03138118237257004,-0.028535546734929085,-0.16859020292758942,0.30678361654281616,0.1630508005619049,0.3115904927253723,0.16305077075958252,-3.226137399673462,-24.217973709106445,-20.626142501831055,2.9764323234558105,0.48204877972602844,-0.00262415106408298,0.0,0.0,0.0,0.0
12.166666666666666,-0.5687514543533325,1.6404199600219727,-103.6195297241211,11.916046142578125,-1.3617911338806152,-4.913985729217529,-1.642513394355774,-0.07334848493337631,0.04163798317313194,1.6456819772720337,0.0802527442574501,1.5639448165893555,-0.11386435478925705,0.06926075369119644,0.00010501361248316243,-9.381048160506111e-10,-2.8865429158031475e-07,-0.26557666063308716,0.22381947934627533,0.2609768807888031,0.45707589387893677,-0.05693526938557625,-0.7520105838775635,-0.5685242414474487,-0.31486785411834717,-0.5762590169906616,-0.31486767530441284,5.051602840423584,-27.172719955444336,-22.643436431884766,4.364750862121582,0.3336929678916931,0.0016756101977080107,0.0,0.0,0.0,0.0
12.333333333333334,2.866800546646118,0.1616053283214569,-95.33519744873047,-18.23054313659668,-2.954028367996216,-1.0524959564208984,-3.698676586151123,-0.10647210478782654,0.06494302302598953,1.710644006729126,0.16901706159114838,1.4789706468582153,-0.18302017450332642,0.07185465842485428,0.00017046603898052126,-3.280077098821721e-09,-2.809033503581304e-07,-0.09223809093236923,-0.010103212669491768,0.5523048043251038,0.35306301712989807,-0.9404985904693604,-0.03578966483473778,-0.5853022933006287,-0.3240324854850769,-0.5931195020675659,-0.3240322768688202,2.5250353813171387,-28.027280807495117,-22.619524002075195,3.8391857147216797,0.3043247163295746,0.004425427410751581,0.0,0.0,0.0,0.0
12.5,5.722116470336914,0.3045320212841034,-89.31975555419922,-16.865962982177734,3.49849534034729,7.726278781890869,-3.978649139404297,-0.08453382551670074,0.07255088537931442,1.7904952764511108,0.15280771255493164,1.34357488155365,-0.1577959656715393,0.07700850814580917,2.458542621752713e-05,-3.4403644377789533e-09,-2.957759193122911e-07,0.3007863163948059,0.23268957436084747,0.27571046352386475,-0.47716811299324036,-0.4860779345035553,0.17009766399860382,-0.6305398344993591,-0.34665659070014954,-0.6390699744224548,-0.3466565012931824,0.6362336277961731,-21.629241943359375,-22.99427032470703,3.846560478210449,0.061750710010528564,-0.004305380396544933,0.0,0.0,0.0,0.0
12.666666666666666,0.5191985368728638,0.17426201701164246,-80.18299102783203,18.080759048461914,-11.93073844909668,-8.62066650390625,2.2520031929016113,-0.025138871744275093,0.12686105072498322,1.820742130279541,0.060088153928518295,1.2741512060165405,-0.13452114164829254,0.07222852110862732,0.0002257590094814077,-1.0402966266198632e-09,-3.1612754014531674e-07,0.26516515016555786,0.27373942732810974,0.25505921244621277,-0.27814382314682007,-0.6577541828155518,0.14285776019096375,-0.5973058938980103,-0.3310173451900482,-0.6054251790046692,-0.331017404794693,-2.005194664001465,-28.308589935302734,-22.757173538208008,3.7542452812194824,0.12994426488876343,0.005160500295460224,0.0,0.0,0.0,0.0
12.833333333333334,4.885501384735107,0.130766361951828,-73.18561553955078,7.338740825653076,-1.1126062870025635,4.274360179901123,-0.13691484928131104,-0.02379634790122509,0.144815593957901,1.8975005149841309,0.09428058564662933,1.1078441143035889,-0.12383545190095901,0.07352489978075027,0.00023935531498864293,-2.0179300452838334e-09,-3.472924845482339e-07,-0.1975923329591751,0.011007781140506268,0.6047539710998535,0.6031526923179626,-1.2522754669189453,-0.1677921712398529,-0.6135966777801514,-0.3398507237434387,-0.6220717430114746,-0.33985066413879395,-2.027064561843872,-27.041479110717773,-22.101089477539062,3.5940279960632324,-0.08764567971229553,-0.0018149067182093859,0.0,0.0,0.0,0.0
13.0,-2.7018165588378906,0.01851031184196472,-63.019039154052734,-18.94533348083496,20.180198669433594,16.895170211791992,-3.163558006286621,-0.04493412375450134,0.18061232566833496,1.962618350982666,0.1817583292722702,0.9665073156356812,-0.19658346474170685,0.07472177594900131,0.00017661612946540117,3.345734522763877e-10,-3.9147354868873663e-07,0.046587660908699036,0.4520304501056671,0.09492287784814835,0.11252943426370621,-0.3751688599586487,-0.368188738822937,-0.5678263902664185,-0.3140603303909302,-0.5757376551628113,-0.3140602111816406,1.569198489189148,-28.13878059387207,-19.791379928588867,3.101633310317993,0.08328071236610413,-0.004243247210979462,0.0,0.0,0.0,0.0
13.166666666666666,57.98504638671875,13.870108604431152,62.17693328857422,44.649681091308594,-79.20121002197266,-39.18491744995117,-5.007207870483398,-0.0160322617739439,0.2871897518634796,1.9263633489608765,0.12159695476293564,0.9638229608535767,-0.18704505264759064,0.06245531141757965,0.2173309177160263,1.627072236942695e-07,9.533367801850545e-07,0.2672422528266907,0.6017643809318542,-0.3919094204902649,-0.23898057639598846,-0.614050567150116,0.47664639353752136,-1.0489296913146973,0.8138477802276611,-0.00029961924883536994,0.8117348551750183,2.781226396560669,-41.4907341003418,-22.796144485473633,3.7067337036132812,0.12907762825489044,-0.021878816187381744,0.0,0.0,0.0,0.0
13.333333333333334,47.02326202392578,0.40346717834472656,68.11053466796875,45.866024017333984,-86.96891021728516,-57.64325714111328,-9.096877098083496,-0.0034898449666798115,0.33559173345565796,1.8347259759902954,0.09722255915403366,1.0188438892364502,-0.20303361117839813,-0.006997641175985336,0.30166247487068176,1.2836953544592689e-07,0.0002162293385481462,-0.20957697927951813,0.10738667100667953,-0.5300514698028564,0.32136407494544983,0.1481420397758484,-0.7569787502288818,1.1804966926574707,0.7221478223800659,1.2682185173034668,0.7221428155899048,-1.910005807876587,-40.83021545410156,-21.78953742980957,3.5487277507781982,0.07946738600730896,0.015347355976700783,0.0,0.0,0.0,0.0
13.5,86.45299530029297,-1.4400750398635864,8.439239501953125,-14.59984016418457,-91.9401626586914,-53.3795051574707,-42.256256103515625,-0.06637413054704666,0.331078439950943,1.7610912322998047,0.21117068827152252,1.0047122240066528,-0.27115559577941895,-0.006971598137170076,0.3020230233669281,1.0289150509379397e-07,0.00019513312145136297,-0.4320722222328186,-0.09221009165048599,-0.3805386424064636,0.7521361708641052,-0.2482295036315918,-0.4053610563278198,1.9528781175613403,0.8216344118118286,2.10044002532959,0.8216431140899658,0.14220334589481354,-38.30311584472656,-20.789339065551758,3.2514781951904297,-0.07338254153728485,0.009987328201532364,0.0,0.0,0.0,0.0
13.666666666666666,87.18144226074219,7.114564895629883,-30.86212730407715,-35.917686462402344,-43.827545166015625,0.11644060164690018,-65.67513275146484,-0.08478229492902756,0.3444273769855499,1.7492952346801758,0.2644679844379425,0.8408099412918091,-0.22076241672039032,-0.0071012540720403194,0.302415668964386,1.417103874246095e-07,0.000196865716134198,0.17158766090869904,0.21092475950717926,0.14261563122272491,-0.17553472518920898,-1.513235330581665,0.549556314945221,1.8366076946258545,0.6364871859550476,1.9907933473587036,0.6364923119544983,5.176158905029297,-34.68901062011719,-18.919614791870117,3.021251916885376,-0.42353034019470215,0.0056527722626924515,0.0,0.0,0.0,0.0
13.833333333333334,86.99560546875,3.792501926422119,-26.376283645629883,-3.573434591293335,30.770801544189453,33.795448303222656,-84.06591033935547,-0.03334140405058861,0.4064891040325165,1.765006422996521,0.17348989844322205,0.5859783291816711,-0.09595999121665955,-0.006979287602007389,0.30278754234313965,1.244315939175067e-07,0.0002200829767389223,0.3688165843486786,0.5714618563652039,-0.1514585167169571,-0.966703474521637,-1.0619621276855469,0.36814504861831665,1.8899980783462524,0.4630473256111145,2.0839478969573975,0.4630444645881653,2.297959566116333,-37.291282653808594,-21.701900482177734,3.2214441299438477,-1.1506659984588623,-0.0011455774074420333,0.0,0.0,0.0,0.0
14.0,1.6658002138137817,-3.229109525680542,2.4560601711273193,49.61466979980469,76.9112319946289,26.493452072143555,-50.32530212402344,-0.0157014150172472,0.4938051700592041,1.6835179328918457,0.10040272027254105,0.6183763742446899,-0.008733212016522884,0.0020051721949130297,0.015106244012713432,-4.821531174314941e-09,-1.0338153515476733e-06,-0.2048952579498291,0.3405516445636749,-0.5386454463005066,0.5268737077713013,0.725122332572937,-0.4777006506919861,0.02810518443584442,-0.1704646646976471,0.03712529316544533,-0.17046470940113068,-7.764684677124023,-45.77593231201172,-24.562620162963867,3.7613277435302734,-1.5398313999176025,-0.026735741645097733,0.0,0.0,0.0,0.0
14.166666666666666,1.9034830331802368,-1.1022729873657227,-1.5073494911193848,38.736263275146484,66.40401458740234,18.227258682250977,-49.29916763305664,-0.07476668059825897,0.5712013244628906,1.5763602256774902,0.27352309226989746,0.7777335047721863,-0.2633436918258667,-0.0013570517767220736,0.0010033214930444956,4.848358603481984e-09,5.135581159265712e-05,-0.4319264888763428,0.7128917574882507,-0.9105566143989563,1.1191425323486328,1.3517857789993286,-1.8091588020324707,-0.028484756126999855,-0.03143589198589325,-1.3005037544644438e-05,-0.03157828375697136,-5.201939105987549,-37.90473937988281,-20.447092056274414,3.183389902114868,-1.0664937496185303,-0.010532977990806103,0.0,0.0,0.0,0.0
14.333333333333334,5.443440914154053,0.7940011024475098,-18.77962303161621,16.152332305908203,19.847715377807617,4.084507465362549,-56.790584564208984,-0.13418105244636536,0.7374786138534546,1.3518800735473633,0.37078022956848145,1.1109946966171265,-0.3769254982471466,-0.0010772254317998886,-0.03392373025417328,1.210890445690893e-07,-0.023701904341578484,-0.20068421959877014,1.2823207378387451,-1.9465606212615967,0.12983903288841248,2.5699212551116943,0.7370185852050781,-0.9262608885765076,-2.8803906440734863,-0.00024743188987486064,-3.8965301513671875,9.621990203857422,-39.79066467285156,-16.94675064086914,3.7145423889160156,-0.5988506078720093,-0.051100898534059525,0.0,0.0,0.0,0.0
14.5,6.435683250427246,8.444028854370117,-9.0991849899292,-11.462824821472168,22.212656021118164,11.99454402923584,-41.9500732421875,-0.13020138442516327,0.8912743330001831,1.1176316738128662,0.30395108461380005,1.4290651082992554,-0.4752174913883209,-0.0003140717453788966,-0.4104819595813751,-1.2663931014955665e-10,-0.11479642242193222,0.26348549127578735,1.0804585218429565,-2.2266783714294434,-1.8407988548278809,3.0011606216430664,-0.8359459042549133,1.1900439858436584e-05,3.693429470062256,-1.1751046180725098,9.99587345123291,18.852746963500977,-16.26694107055664,-0.050144195556640625,2.3590097427368164,0.45198535919189453,-0.052874960005283356,0.0,0.0,0.0,0.0
14.666666666666666,-1.2167373895645142,-1.372701644897461,3.7644314765930176,1.3080090284347534,-15.225184440612793,4.545957088470459,-33.18161392211914,-0.07730306684970856,1.0283454656600952,0.8684291243553162,0.14395631849765778,1.7133753299713135,-0.49524083733558655,-0.0011140097631141543,-0.5683491230010986,1.6679883030334963e-09,0.0036958507262170315,0.05730244144797325,-0.035958003252744675,-0.20169669389724731,-0.11472082138061523,0.2835792303085327,-4.249743461608887,1.9694931507110596,3.84370493888855,2.1222877502441406,-1.6360671520233154,-14.729524612426758,-25.280799865722656,7.637666702270508,-0.9225969314575195,1.6135814189910889,-0.08028092980384827,0.0,0.0,0.0,0.0
14.833333333333334,-4.294581890106201,3.4130144119262695,-0.3187938332557678,3.5351483821868896,-6.330595016479492,4.029630661010742,-33.66474914550781,-0.08379943668842316,0.9984046220779419,0.9205366373062134,0.16178761422634125,1.655930757522583,-0.49665963649749756,-0.0010495834285393357,-0.5451300144195557,-4.935078457002362e-10,0.00144465162884444,-0.049634575843811035,-0.07514335960149765,-0.005090523511171341,0.09867075085639954,-0.001615576446056366,-0.10236236453056335,0.9018717408180237,1.1201337575912476,1.0104272365570068,1.238523006439209,2.1975533962249756,-6.499481201171875,10.238964080810547,-0.3203585147857666,0.6503691673278809,-0.04425584152340889,0.0,0.0,0.0,0.0
15.0,4.164424419403076,-0.5941877365112305,-2.151160717010498,1.2408894300460815,-5.354217529296875,3.5262842178344727,-32.87114334106445,-0.08818335086107254,0.9892405271530151,0.9367626905441284,0.17228931188583374,1.637160301208496,-0.5021129250526428,-0.0010081165237352252,-0.5312485694885254,-3.4027192175045684e-10,0.000885007728356868,-0.030438607558608055,-0.04871862381696701,-0.040410466492176056,0.030473757535219193,0.14024677872657776,0.120035320520401,0.9706950783729553,0.9315506219863892,1.122878909111023,1.6596405506134033,-1.5064995288848877,-4.2047576904296875,9.880073547363281,-0.16004562377929688,0.15426421165466309,-0.08535488694906235,0.0,0.0,0.0,0.0
15.166666666666666,5.938805103302002,-1.9376201629638672,-3.664818286895752,-0.10347284376621246,-1.4994971752166748,3.313993453979492,-33.04050064086914,-0.09400759637355804,0.9765660762786865,0.9594686627388,0.18783442676067352,1.6115021705627441,-0.5043824315071106,-0.0009977949084714055,-0.5138706564903259,-5.929916557789738e-10,0.0005833750474266708,-0.034201160073280334,-0.049593109637498856,-0.044463276863098145,0.021110668778419495,0.13106854259967804,0.14454498887062073,1.7061829566955566e-05,0.8835361003875732,-1.8946536779403687,1.2139230966567993,0.757033109664917,-4.5207061767578125,8.685722351074219,0.32192349433898926,0.0009282827377319336,-0.10832991451025009,0.0,0.0,0.0,0.0
15.333333333333334,2.530884265899658,-1.5191459655761719,-1.4763331413269043,-1.225333333015442,-4.927155017852783,3.6878511905670166,-33.283512115478516,-0.09339899569749832,0.9924114942550659,0.9326353669166565,0.1847413331270218,1.6426796913146973,-0.5072203874588013,-0.0010073897428810596,-0.5217540860176086,1.2234211421713326e-09,0.011348320171236992,0.05387308448553085,0.09203744679689407,-0.3243540823459625,-0.23961684107780457,0.43514570593833923,-0.10447673499584198,-0.031203392893075943,1.1761618852615356,-7.15932628736482e-07,2.6320183277130127,1.729284644126892,-3.9884681701660156,10.485084533691406,-0.044655799865722656,0.1994473934173584,-0.12532095611095428,0.0,0.0,0.0,0.0
15.5,3.8551039695739746,-3.1743459701538086,-1.8894686698913574,2.1357219219207764,-3.2895681858062744,2.804293394088745,-32.39889907836914,-0.0875663310289383,0.9851258993148804,0.9433569312095642,0.17137469351291656,1.6292351484298706,-0.5028415322303772,-0.0010107520502060652,-0.5280965566635132,-8.548642349559543e-10,0.0033513030502945185,-0.03434394299983978,-0.12936624884605408,0.08454357832670212,0.024969585239887238,0.018233899027109146,0.06145244091749191,-0.45343419909477234,1.1958131790161133,-0.4688359200954437,2.871580123901367,-1.9258840084075928,-4.672737121582031,9.38027572631836,-0.1927342414855957,-0.030013561248779297,-0.14805914461612701,0.0,0.0,0.0,0.0
15.666666666666666,-2.3907389640808105,3.7345991134643555,-1.8041257858276367,-0.5529929399490356,2.9089114665985107,4.581592559814453,-34.36978530883789,-0.0989515483379364,0.9749557971954346,0.9637930393218994,0.20012947916984558,1.6073131561279297,-0.5067510604858398,-0.0010018988978117704,-0.5058958530426025,1.1984836456591097e-09,0.0012389994226396084,-0.04950614273548126,0.16016331315040588,-0.4142892360687256,0.024333901703357697,0.5991578698158264,-0.02190753072500229,0.7267197966575623,0.9774573445320129,0.9043276309967041,1.8346757888793945,6.5493879318237305,-1.6453361511230469,10.476358413696289,0.4349386692047119,0.08008956909179688,-0.16477099061012268,0.0,0.0,0.0,0.0
15.833333333333334,-1.5534120798110962,0.8492097854614258,0.35115188360214233,0.41384777426719666,-8.302513122558594,3.320308208465576,-33.137516021728516,-0.08654012531042099,1.0085643529891968,0.903850793838501,0.16791844367980957,1.6749637126922607,-0.5025018453598022,-0.0009984952630475163,-0.5417373776435852,2.490034622937287e-09,0.005064288154244423,0.13115432858467102,0.027554599568247795,-0.23550784587860107,-0.3520302176475525,0.3132078945636749,0.006352700293064117,0.044270068407058716,1.2325193881988525,-9.636643198973616e-07,4.899931907653809,4.224518299102783,-13.65256118774414,11.325544357299805,-0.12065911293029785,0.9149366617202759,-0.17411765456199646,0.0,0.0,0.0,0.0
16.0,5.885087013244629,-3.7156991958618164,-7.476229190826416,3.4751508235931396,-5.1992340087890625,1.7562086582183838,-32.59196090698242,-0.08386871218681335,0.9850396513938904,0.9428948163986206,0.16425721347332,1.6295740604400635,-0.4922698140144348,-0.0009691357263363898,-0.5357362031936646,-1.301581398216456e-09,0.0008284570067189634,-0.01452617160975933,-0.1993999183177948,0.20082680881023407,-0.045627616345882416,-0.09573717415332794,0.06029001623392105,6.746500730514526e-06,0.9394136667251587,-0.7695131897926331,-2.301370620727539,-1.2367573976516724,-5.652538299560547,8.20686149597168,-0.13126397132873535,0.0580294132232666,-0.15836139023303986,0.0,0.0,0.0,0.0
16.166666666666668,-1.8644415140151978,3.878546714782715,1.381645679473877,2.1838767528533936,3.051316976547241,5.039960861206055,-33.780574798583984,-0.09378227591514587,0.972539484500885,0.9660432934761047,0.18780115246772766,1.6035641431808472,-0.5008015036582947,-0.0010040613124147058,-0.5124353170394897,3.739852039164049e-10,0.00014662183821201324,-0.08465060591697693,0.0235462486743927,-0.1952013224363327,0.1781781166791916,0.3671419620513916,0.22561469674110413,0.714893639087677,1.1593141555786133,0.8096415400505066,1.4760069847106934,2.2354602813720703,-11.995975494384766,7.16386604309082,0.7671182155609131,0.29073965549468994,-0.2215777188539505,0.0,0.0,0.0,0.0
16.333333333333332,-2.188729763031006,4.181624412536621,2.419248104095459,-2.0344278812408447,-5.595252990722656,4.761300563812256,-33.892784118652344,-0.09552621841430664,1.0015637874603271,0.9183722734451294,0.19032815098762512,1.6596657037734985,-0.5061148405075073,-0.0010030012344941497,-0.5259301662445068,-5.172824946164667e-10,0.005342022981494665,0.10793805122375488,0.18709644675254822,-0.5065465569496155,-0.3291051387786865,0.601527750492096,-0.4482840299606323,0.5694452524185181,1.3052822351455688,0.6976881623268127,4.647167682647705,11.862174034118652,-12.008377075195312,10.624164581298828,0.44865894317626953,0.9424741864204407,-0.22306938469409943,0.0,0.0,0.0,0.0
16.5,1.0209792852401733,2.7473297119140625,1.9603543281555176,3.8063161373138428,-11.794239044189453,3.52567720413208,-32.776763916015625,-0.0770147368311882,1.0100855827331543,0.8995641469955444,0.14530210196971893,1.6780935525894165,-0.48650822043418884,-0.0009748037555254996,-0.5657579302787781,1.0048637477666489e-09,0.004382128827273846,0.0546598918735981,-0.15761500597000122,0.08593583852052689,-0.19188818335533142,0.07234759628772736,0.7903288006782532,2.0293518900871277e-05,1.171618103981018,-2.2791781425476074,4.733304500579834,2.3035593032836914,-10.774772644042969,8.890657424926758,-0.3957390785217285,0.552954912185669,-0.26944994926452637,0.0,0.0,0.0,0.0
16.666666666666668,-3.8126425743103027,0.6362190246582031,-0.14237266778945923,8.266706466674805,2.029810667037964,3.4298558235168457,-33.034217834472656,-0.07857821136713028,0.9748687148094177,0.9585060477256775,0.14933840930461884,1.610068917274475,-0.49843543767929077,-0.0009987547527998686,-0.5363611578941345,-4.821547605615706e-09,0.001958859385922551,-0.05425071716308594,-0.1400463581085205,0.10973133891820908,0.1405346393585205,0.017566431313753128,0.2052757441997528,-0.002547912299633026,0.8006768226623535,1.3913642168045044,-4.356158256530762,-0.6412658095359802,-7.839038848876953,8.306638717651367,-0.8356668949127197,0.038969993591308594,-0.27978503704071045,0.0,0.0,0.0,0.0
16.833333333333332,3.7731423377990723,-1.6214752197265625,-2.9919590950012207,0.416372150182724,2.0417706966400146,3.7855429649353027,-33.35955810546875,-0.09712247550487518,0.9695623517036438,0.9719226956367493,0.19601672887802124,1.5971978902816772,-0.5036360621452332,-0.0009985041106119752,-0.5034167766571045,7.576617111482165e-10,0.014341941103339195,-0.12177649140357971,0.0462079755961895,-0.19179826974868774,0.15019387006759644,0.3473449945449829,0.0019998103380203247,0.07160079479217529,1.519805669784546,-1.939983576448867e-06,3.266456127166748,-3.2295010089874268,-3.019012451171875,8.631145477294922,0.431549072265625,-0.15092110633850098,-0.2938605546951294,0.0,0.0,0.0,0.0
17.0,0.033345602452754974,3.949953079223633,2.9377541542053223,-6.807501792907715,-8.068868637084961,4.285809516906738,-34.199161529541016,-0.10516451299190521,1.0150516033172607,0.8989806175231934,0.21102185547351837,1.6833173036575317,-0.5204964876174927,-0.0009890773799270391,-0.5149092078208923,-5.511802680935318e-10,0.011799626983702183,0.12443478405475616,0.4074336886405945,-0.9076337814331055,-0.41538047790527344,1.094956636428833,-0.43307092785835266,2.5482382625341415e-05,0.8461057543754578,-2.755361318588257,0.7105509042739868,16.853878021240234,-6.075920104980469,11.121053695678711,1.1839916706085205,0.7529563903808594,-0.289745956659317,0.0,0.0,0.0,0.0
17.166666666666668,0.32656994462013245,-4.48900032043457,-0.5873046517372131,2.9903552532196045,-22.220191955566406,-0.5666990280151367,-31.932498931884766,-0.07252506166696548,1.0581402778625488,0.8177905082702637,0.12587346136569977,1.768463373184204,-0.5120977163314819,-0.0010581426322460175,-0.5904823541641235,3.9767842352489424e-09,0.003504183143377304,0.13590803742408752,-0.0806705579161644,-0.07451234012842178,-0.39539894461631775,0.054927974939346313,-0.3744184970855713,-0.5438847541809082,1.270172119140625,-3.1128788577916566e-06,3.4672319889068604,-9.829357147216797,-13.15042495727539,12.402055740356445,-1.6105892658233643,1.590124487876892,-0.3204652667045593,0.0,0.0,0.0,0.0
17.333333333333332,4.52467679977417,-2.9295549392700195,-2.4226317405700684,7.3282575607299805,-11.942160606384277,1.3332613706588745,-31.66841697692871,-0.0682344064116478,1.016460657119751,0.886467456817627,0.11556842923164368,1.6894936561584473,-0.5064936876296997,-0.001018111826851964,-0.5787022113800049,2.8733417867243816e-09,0.007279396057128906,-0.024812709540128708,-0.10856922715902328,0.03703668341040611,0.07937835156917572,-0.06311344355344772,0.02640382945537567,0.23494058847427368,1.1520508527755737,0.35876134037971497,0.9961361289024353,-11.43613052368164,1.7016983032226562,12.453939437866211,-2.202897071838379,0.7425447702407837,0.3011375963687897,0.0,0.0,0.0,0.0
17.5,0.39528313279151917,1.1333494186401367,-2.156404972076416,4.999878883361816,-12.212252616882324,2.1409995555877686,-32.6882438659668,-0.07744357734918594,1.022428035736084,0.8779962062835693,0.13885967433452606,1.6999146938323975,-0.5034995675086975,-0.0009940153686329722,-0.5665774345397949,-1.1248304510047547e-09,0.021129608154296875,-0.0304473415017128,0.13746285438537598,-0.3924329876899719,-0.06695399433374405,0.40909042954444885,-0.29172593355178833,6.780494004487991e-06,1.8584704399108887,-0.7653985619544983,5.315925121307373,-1.8169050216674805,-3.719226837158203,12.327625274658203,-0.9900498390197754,1.0153722763061523,0.27793776988983154,0.0,0.0,0.0,0.0
17.666666666666668,2.1060872077941895,1.1326236724853516,-1.8369297981262207,0.618489146232605,-16.801050186157227,1.2125605344772339,-32.68217468261719,-0.08550073951482773,1.0409928560256958,0.8487770557403564,0.15741783380508423,1.7340112924575806,-0.5136758089065552,-0.001004872377961874,-0.5615777373313904,-9.667123768153374e-10,0.0013367471983656287,-0.03403817117214203,0.12898044288158417,-0.38661909103393555,0.02389400452375412,0.42525017261505127,-0.47080567479133606,0.9427714347839355,1.0944459438323975,1.081580400466919,-0.3636168837547302,2.5208804607391357,-1.2078208923339844,13.009765625,-0.08693647384643555,0.9379748106002808,0.2607252895832062,0.0,0.0,0.0,0.0
17.833333333333332,1.4604438543319702,-3.6437997817993164,-4.644515037536621,-1.7676116228103638,-13.149921417236328,0.24241483211517334,-32.881988525390625,-0.09366220235824585,1.0247138738632202,0.8776907920837402,0.17850357294082642,1.7029833793640137,-0.5198646783828735,-0.0009874040260910988,-0.5346202850341797,1.7569574684017653e-09,0.0059736343100667,-0.04238571599125862,-0.24676066637039185,0.25639045238494873,-0.09119865298271179,-0.29217666387557983,-0.13691629469394684,5.386769771575928e-06,1.1035486459732056,-0.6152722239494324,1.5052425861358643,-0.7812186479568481,-5.433422088623047,9.999942779541016,0.511214017868042,0.6084808111190796,0.23931971192359924,0.0,0.0,0.0,0.0
18.0,1.0645250082015991,2.5788421630859375,1.3115057945251465,-0.5898743867874146,0.3279235363006592,3.5670318603515625,-33.1762580871582,-0.10012967884540558,0.9810104370117188,0.9524003863334656,0.19574220478534698,1.6183035373687744,-0.5246490836143494,-0.000994772301055491,-0.5002071857452393,-8.544760454753941e-10,-0.008367341011762619,-0.03474909067153931,-0.24509714543819427,0.24672921001911163,-0.01342724822461605,-0.18057028949260712,-0.036956459283828735,1.0162591934204102e-05,1.3767530918121338,-1.1133253574371338,1.5058313608169556,8.89580249786377,-9.992401123046875,6.284276962280273,1.4570183753967285,-0.05031263828277588,0.22730740904808044,0.0,0.0,0.0,0.0
